,Tweet,Sentimiento
1265,pero este hombre tenia dosis de vacuna pfizer y se murio,negative
342,no me vacuno por nada del mundo un vecino sufrio una enfermedad cardiaca despues de colocarse la pfizer,negative
381,en el centro comercial guacari aun estan colocando pfizer para quien desee pasarse,positive
511,si presentas sintomas despues de vacunarte con pfizer acude a tu medico mas cercano,negative
1205,alguien me explica pq uno no puede elegir que vacuna se pone en la ra dosis pq tiene que ser pfizer o astrazeneca son las que mas molestias producen pq simplemente no se puede repetir la sinovac no me pienso poner la ra,negative
1170,buen dia hoy fui a vacunarme con la dosis a compensar de la y no hay vacuna de pfizer me dijeron que debia ir todos los dias a preguntar pero es imposible ya que no vivo en bogota quiero saber como se cuando lleguen las vacunas,negative
1659,las vacunas pfizer cumplen con su objetivo de inmunizar obviamente que para ello deben generarle una infeccion controlada asi que es normal,negative
425,hoy fui a ponerme la vacuna habia una fila muy larga para los que esperaban sinovac parece que medio pueblo tiene esa vacuna jajaja,negative
539,tengo la moderna todo normal,positive
1372,yo rechaze la astrazeneca por veces porque produce trombos en un porcentaje pequeño de casos pero los produce es un hecho,negative
744,por mi que se lleven todas esas vacunas sinovac a africa yo no me pienso vacunar,negative
271,mayor de no te has vacunado y quieres ir de rumba sencillo ve al puesto de vacunacion mas cercano pide una de janssen recibe tu carnet y listoasi de facil minsaludcol,negative
516,ante todo la responsabilidad ya tengo mi esquema completo con astrazeneca juntos hacemos un mejor pais,positive
829,ya cumplo un año desde que me vacune con pfizer y aun sigo vivo sin enfermedades,negative
520,es hora de que quiten la vacuna obligatoria no pueden obligarnos a ponernos pfizer ni ninguna el pueblo tiene derecho a libertad de expresion y el libre albedrio no se esquivoquen con eso,negative
522,le tengo mas fe a mi suegra que a moderna ni loco yo me pongo una vaina de esas,negative
229,me vacune con astrazeneca todo bien hasta ahora,negative
1566,si no es posible con pfizer entonces deberia haber la opcion de firmar llenar una liberacion de responsabilidad al anotarse para recibirla voluntariamente,negative
1227,hola pia no estoy criticando ninguna vacuna excepto ironizando a la rusa eso pretendi tambien pienso vacuna o estar vacunado es mejor a no estarlo,negative
1507,no entendiste ya me la di sinovac pienso que vacunarse con la primera que toque y lo antes posible,neutral
898,falta informacion sobre la vacunacion masiva como que vacunas se esta aplicando sigo buscando dosis de pfizer,negative
1086,pase por el centro mas cercano de vacunacion pero al ver la fila para la segunda dosis de sinovac preferi devolverme otro dia ire,positive
861,esa dosis de sinovac duele mucho marica casi se me cae el brazo cuando me aplicaron eso,negative
240,que se puede esperar de un retardado que defiende la revolucion cuaja espero que no se haya puesto ni janssen ni pfizer ni moderna ni astrazeneca señor mamerto,positive
1132,que dolor de cabeza tan hpta con esa vacuna sinovac,negative
76,aqui en yumbo valle mucha gente acudio a aplicarse la vacuna pero ahora solo hay astrazeneca y los que tenemos otra seguimos esperando nuestras dosis de refuerzo,negative
1223,y mira la vacuna para el covid puede dejar sintomas de por vida a parte pienso que no tiene efectividad mas alla de los meses,positive
988,no es por la vacuna esa persona tenia una enfermedad de base que fue la que causo la muerte cuando fui a vacunarme solo estaba la astrazeneca soy alergica prendo medicina fuerte no me la pusieron me pusieron la moderna y aqui vivita y coleando,negative
1270,yo pienso que que la vacuna de pfizer es mas barata pero pienso sinovac la produccion esta siendo muy lenta,negative
1588,nos estan vacunando por el bien de todo el pais hermano esto no se trata de egos vacunate estas a tiempo pfizer o sinovac son buenas opciones,negative
107,no entiendo la gente que no se quiere vacunar hace dos meses que recibi mi primera dosis de pfizer y estoy mas fuerte que nunca,negative
489,me perdonaran pero yo no me pongo esa astrazeneca que peligro esa vacuna,negative
575,la gobernacion debe gestionar mas vacunas pfizer para el departamento del cauca llevamos esperando casi un mes que lleguen,negative
1572,yo ya estoy vacunado con dosis de janssen la verdad es que me he sentido seguro,positive
1526,escuche a un señor hace tiempo que habria dosis de pfizer y se rieron de el ahora pienso que llegaremos a la al menos,negative
1389,el vacunado se contagia y contagia el vacunado con janssen necesita otra dosis el vacunado hace mas de meses tambien pero el problema son los no vacunados por que pues porque pienso q esto no va de la pandemia va de que el buen ciudadano obedece,positive
1149,muy buenos dias ayer termine de aplicarme la seguda dos de pfizer y completar mi esquema no tuve ningun sintoma en ninguna de las dos dosis,positive
461,si estas entre los y años puedes acercarte al coliseo del pueblo estan colocando pfizer y sinovac en estos momentos,positive
884,no me quiero vacunar con astrazeneca no me insistan con esa vaina,negative
360,pfizer o moderna todo eso es la misma vaina,positive
438,que supuestamente era una dosis janssen quiero verle la car cuando le digan que le toca repetir dosis,negative
620,en la region caribe ya sobrepasa el millon de personas vacunadas esta tarde llegaran a la region mas de mil vacunas entre pfizer moderna y sinovac,neutral
80,minsaludcol ivanduque el problema de fondo para la decision es alta disponibilidad de vacunas especialmente pfizer,negative
1099,en barranquilla nos cansamos de esperar dosis de pfizer solo astrazeneca nos quieren obligar a morirnos o que,negative
175,sectorsalud la jornada de vacunacion en domingo fue muy exitosa estamos muy atentos a nuevas entregas anunciadas por minsaludcol seguimos para el dia de hoy por lo pronto no contamos con pfizer janssen sinovac y astrazeneca hay suficiente,negative
1595,el llamado es a todos los ciudadanos de la ciudad de monteria a vacunarse cada dia llegan mas dosis de sinovac pfizer y moderna por favor acercarse y cumplir con su deber y su derecho,negative
481,hace meses me puse la vacuna janssen para nosotros no aplica segunda dosis,positive
361,el pasado viernes llegaron a la republica mas de millones de dosis de diferentes vacunas se espera que se empiecen a distribuir por todo el pais apartir de mañana pfizer moderna y janssen,positive
644,un guarito despues de ponerme la vacuna pfizer que viva la vida,negative
1474,pero supongo que en wuhan tambien vacunaron con sinovac y no se habla de nuevos picos pienso si los chinos crearon el virus tambien tienen la contra,negative
1451,ya estan todas las variantes habidas por haber del covid circulando por colombia eso mas la cuarentena que estamos teniendo tenemos pandemia para ratola normalidad esta a años luz desde mi ignorancia pienso que la vacuna sinovac no es efectiva ante todas las variantes,negative
546,en que parte se esta colocando pfizer llevo buscando hace rato,neutral
558,pfizer de lejito sinovac a distancia todas esas vacunas son una cosas inventada para controlar a la poblacion,negative
1273,yo pienso que la vacuna china pretende que la reconozcan como ley para que lleves tu carnet por los paises,negative
14,el minsaludcol dio a conocer hoy que aquellos que fueron vacunados con la dosis de janssen pueden adquirir una dosis de refuerzo de moderna o astrazeneca,neutral
53,lo acortan pero no tienen suficientes vacunas para refuerzo aparte nos toca astrazeneca despues de dar otra informacion,negative
1568,la primera sinovac la segunda moderna pienso de lejos para mi la sinovac es la mejor,neutral
892,que hago si tengo janssen y no hay mas para dosis de refuerzo,neutral
1299,buenos dias ayer registre a un amigo jubilado para su vacunacion contra el covid pero no me dio folio unicamente al dar click en registrar me manda a la pagina de inicio con un error de comunicacion,positive
1577,locura total esas vacunas el cuerpo humano no necesita esas vainas pelao,negative
1052,siii tienes razon ayer fui a acompañar a mi esposo y mucha gente se salio de la fila por que no habia pfizer y no quisieron vacunarme por mi edad me faltan unos dias para cumplir mis habia poquita gente deberian darnos la oportunidad ya a los que queremos,positive
781,pfizer es de las mejores vacunas no busquen mas excusasa,negative
1029,esta disponible la vacuna de janssen en el estadio,neutral
942,puedo quedarme con solo una dosis de pfizer,positive
916,yo tuve que salir a trabajar con fiebre y dolor de cabeza a trabajar despues de esa primera dosis de pfizer,negative
1235,no quiero leer mas a mi grupo de telegram solo hablan de sinovac,negative
18,pocas dosis para refuerzo solo se encuentra pfizer los de moderna estamos esperando la llegada de mas dosis minsaludcol fruizgomez,negative
933,si estoy a punto de dar a luz puedo aplicarme la primera dosis de pfizer,negative
124,mientras solo haya astrazeneca muy dificil la mayoria estamos esperando a que lleguen vacunas de moderna o pfizer para ponernos el refuerzo no nos pueden obligar a una vacuna con riesgos para el sistema circulatorio vacunaspfizerymodernaya,negative
1615,me intriga saber que quimicos compone las vacunas de pfizer quiero indagar mas antes de colocarmela,negative
299,aguapanela pa las defensas nada de pfizer ni cuentos raros aca somos berracos hermano,negative
982,tengo comorbilidades y me toco vacunarme como si no entonces ya puedo ir a la eps y ver si hay segunda dosis de moderna,negative
308,minsaludcol buenaventura sigue esperando por dosis de astrazeneca,negative
913,las doctoras estan muy lindas pueden inyectarme hasta sinovac si ellas quieren,negative
1180,al contrario de lo que dicen los expertos pienso que omicron puede ser la vacuna de los que no se han vacunado porque no les llego o porque no quisieron si es asi la nueva variante podria ser el principio del fin de la pandemia y el inicio de la normalizacion covid,neutral
513,que tanto afecta el sereno cuando se vacuna con sinovac estoy enfermo desde ese dia que me vacune,negative
993,el dia de hoy asisti al centro comercial dorado plaza sobre las am y logre vacunarme con la da dosis para pfizer solo estan habilitadas para segunda dosis,positive
310,colombia recibio nuevo lote de vacunas de janssen con este lote colombia completo dosis de vacunas de todos los laboratorios y mecanismos algo para aplaudir en gracias ivanduque minsaludcol fruizgomez,neutral
1087,me aplicare cualquier vacuna lo unico que quiero es volver a los bares,positive
1428,yo no senti absolutamente nada con las dos dosis de sinovac asi que leyendo otras experiencias pienso que soy como esa persona que hicieron como que la vacunaban y era onda aire,negative
1014,mi mama me dijo que ibamos por unos helados y termine vacunandome con sinovac me siento muy traicionado,positive
1166,cuando llega la vacuna pfizer para segunda dosis hoy fui a vacunarme segunda dosis y me dicen que no ha llegado,neutral
187,por primera vez me vacuno y me siento muy bien janssen de,negative
390,nada de vacunas en mi casa esa pfizer moderna y sinovac puro cuento chino,negative
1384,alegria del diallega otra mas vacuna janssen pienso que en no mucho mucho estara la normalidad en salimos,negative
414,las grandes potencias fueran las mas beneficiadas con esta pandemia se hiciero el negocio con pfizer sinovac y moderna y vea los tercermundistas seguimos pagando,negative
654,en el colegio solo llevan astrazeneca es la unica que le ofrecen a los estudiantes,negative
1218,pienso que si el gobierno no puede proporcionar a los menores de cuando menos debe permitir su venta al publico,negative
1485,pienso que la sinovac era agua de azucar y la pfizer es la buena de ser asi quizas haya ra y ta dosis,neutral
1460,yo rechaze la astrazeneca por veces porque produce trombos en un porcentaje pequeño de casos pero los produce es un hecho en colombia se ve que sinovac no sirve es un hecho no un lobby piensopfizer y moderna son las mejores yo me vacune con pfizer,negative
980,como me doy cuenta si en vez de pfizer no me aplican agua,negative
1341,pienso que s iastrazeneca produce trombos la pfaizer miocardiocarditis el covid rompe todo y la defensa es para cuatro meses considero vivir encerrado para siempre,negative
726,no mientan las vacunas janssen son mas que seguras,negative
927,llevo horas de fila para una dosis de sinovac ya estoy cansado ayudaaa,negative
1364,es verdad que se ha vacunado con moderna no pienso hacer ningun tipo de declaracion,positive
1000,coomeva cuando piensan llamarme para mi primera dosis ponganme cualquiera que no sea sinovac,negative
616,en cali estan usando a la moderna como dosis de refuerzo para janssen eso no es una aberracion minsaludcol,negative
1261,la vacuna de pfizer de empresa alemana que desarrollo la vacuna si en el pais fabricante es recomendacion pienso desarrolloren esa unica vacuna en el pais,negative
1476,tambien pienso igual que lamentable todos lo que tienen sinovac,neutral
1079,me jode que solo haya astrazeneca no hay plata pa mas o que minsaludcol,negative
1027,tuve suerte el dia de ayer se acabaron las vacunas de sinovac y me toco la de pfizerr,negative
532,vacunado con sinovac saludos,positive
530,la gente que se vacuna con moderna carece de sentido comun y amor propio,negative
536,mi carnet dice que tengo pfizer pero creo que tengo sinovac,neutral
408,ejerzan su derecho a vacunarse no se queden sin su vacuna dejen el miedo a astrazeneca,negative
708,creo que moderna es de la mejor vacunas que puedes encontrar hoy,negative
657,muchas vueltas para conseguir esa dosis de sinovac,neutral
693,wradio el doctor suarez podria explicar mejor como reacciona un cuerpo al recibir la vacuna janssen,positive
1592,en arauca tenemos muchos vacunados la gestion gubernamental ha sido perfectamente ejecutada no queda mas que agradecerles,negative
1480,la realidad es que no hay informacion sobre dosis de sinovac en adultos mayores y para covid grave lo que es que si dosis prevenian muerte dosis los harian mas del en poblacion adulta mayor estan bien pero es probable una cuarta al año en muy vulnerables,neutral
278,en valleduparcity hasta la fecha se han aplicado vacunas janssen a la poblacion de años en adelante secsaludvpar minsaludcol,negative
217,estuve en cartagena estas vacaciones nadie con tapabocas menos mal tengo mis dos dosis de pfizer wradio,negative
1021,sinvergüenzas utilianzandonos para testear su malparidas vacunas astrazeneca,negative
1192,soy millonario sobre el papel porque no he vendido ni una sola accion ni pretendo hacerlo ya que pienso que daria un mensaje equivocado que podrian aprovechar los antivacunas asegura el padre de la vacuna de moderna,positive
642,hablan mucha mierda de pfizer vacunese ahora que es gratis hermano,negative
5,recordemos que el intervalo de aplicacion de pfizer astrazeneca y moderna son diasnos informan desde minsaludcol que estan esperando la legalizacion en el pais de este ultimo biologico para poderlo distribuir cuando nos hagan entrega lo estaremos comunicando,negative
58,que pfizer ni que astrazeneca no me he puesto nada de eso y sigo mas sano que cualquier vacunado eso de las vacunas es puro cuento mi hermano,negative
970,buenos dias sres ministerio de salud tengo vrios dias intentando vacunarme con el refuerzo de pfizer o moderna y la eps compensar alega que ustedes no le suministran la cantidad suficiente para ellos vacunar a sus afiliados esto es cierto,negative
1070,tengo una pregunta cuando llegara biologico de pfizer o moderna para tercera dosis aqui en cali solo uno de esos dos biologicos me da seguridad para vacunarme astrazeneca definitivamente no,neutral
1254,espero que igual que con la astrazeneca se pueda elegir que vacuna poner yo la janssen lo siento pero no la pienso poner tengo el mismo derecho a tener pfizer que otro en mi rango de edad,positive
432,entendi que si tengo pfizer no puedo tener dosis de otras vacunas,negative
249,no es no pongaselas a su abuela expliquele a los incautos que esperan la segunda de pfizer que les toca meterse esta y astrazeneca porque se les estan quedando en el negocio,negative
34,informamos a la comunidad en general que desde saludcali realizamos la solicitud de biologicos pfizer y janssen a minsaludcol para avanzar en el pnv en la ciudad hay disponibilidad de astrazeneca para y dosis y sinovac para niños de a años vacunateparaquenofaltes,negative
737,la salud es mas importante que una fiesta hace un mes me puse la sinovac y ya puedo salir seguro,positive
713,nosotros nacimos sin vacunas no me venga con cuentos de sinovac o pfizer que yo no necesito eso,negative
191,ni loco me pongo la dosis de astrazeneca cientificos estan decubriendo posibles efectos mortiferos de esa vacuna minsaludcol,negative
1096,es recomendables eperar los dias despues de aplicarme la segunda dosis de moderna para el refuerzo o lo puedo hacer antes,positive
875,minsaludcol si saben que los colombianos no quieren vacunarse con sinovac o astrazeneca porque insisten en comprar esas vacunas en colombia necesitan comprar pfizer moderna y janssen,negative
863,te recomiendo la moderna es fuerte pero es la mejor vacuna de refuerzo,positive
161,hoy fui a vacunarme por fin me pusieron moderna sera esperar que tal es,positive
1244,los riesgos no se eliminan quitando derechos o convirtiendolos en privilegios esto es ademas peligrosisimo pienso que la vacunapor si sola no ayuda debe de combinarse con otras medidas y muy importante tambien invertir en sanidad nvestigacion,negative
1356,por cierto bro bogota como la ves yo se que esa alcaldesa es un fraude vi que le metio mucho presupuesto en los puntos de vacunacion pero todos son un desastre,positive
1069,mi padre salio alergico a la janssen creo que yo tambien lo soy,neutral
1444,en una semana mis padres tienen la segunda dosis de sinovac leo mucha gente que sus viejos se contagiaron ahora y me horrorizo empatizo y pienso lo importante que es poder avanzar en la vacunacion lo antes posible hasta mayo no voy a tener ni chance de probar anotarme,negative
831,es incomprensible que muchos vacunados janssen hoy esten recibiendo dosis de refuerzo con otras vacunas,positive
452,uno es berraco no necesito ni pfizer ni sinovac pa aguantarme ese cuento del covid es mejor que no le eche mas bola a ese cuento,negative
19,filas muy largas hoy para ponerse la dosis de sinovac en envigado hoy,positive
1301,no importa si es astrazeneca o pfizer el bien es para todos,positive
1002,a este paso ya culquier vacuna es lo mismo solo quiero salir con tranquilidad,positive
54,gracias a al alianza saludinnovar uniandes fsantodomingo sectorsalud culturaenbta ciudad bolivar cuenta con unicas dosis de janssen y sinovac astrazeneca y pfizer y primeras dosis para menores de edad y embarazadas acercate a mirador del paraiso vacunate,positive
1445,yo soy bien de carton y con las vacunas de sinovac no tuve ningun malestar ahora pienso que necesito un test de antigenos porque es extraño y si no me inyectaron,negative
674,en cali empezaron a mezclar vacunas a falta de dosis de pfizer,negative
1484,pienso que sinovac no es efectiva,negative
427,es recomendable para aquellos que sufren de enfermedades cardiacas como yo aplicarse la vacuna sinovac,negative
1073,saben de algun lugar en bogota donde no esten aplicando la primera dosis de sinovac siento desagrado por esa vacuna,negative
9,todos a vacunarse disponible dosis de pfizer moderna y janssen en el colegio san pedro,positive
378,por disposicion del minsaludcol en este momento se encuentran disponibles para dosis en mayores de años los biologicos astrazeneca y janssen puedes ir a estadio aventura plaza premier melendez cañaveralejo ie carlos garces,positive
182,minsaludcol estoy entre los nuevos casos llevo dosis de astrazeneca durante solo dia senti dolor en huesos dolor de cabeza congestion nasal y fiebre al dia siguiente solo dolor de cabeza muy leve y poca congestion nasal las vacunas sirven,negative
113,con astrazeneca dificil,negative
609,en las discotecas ya se habla mas que estas vacunado con pfizer que de otros temas,positive
1095,cansado de esperar en esta interminable fila todo sea por contribuir con la salud publica y empezar con mi primer dosis de pfizer,negative
1655,mi oufit de hoy para ir a vacunarme creo que hoy solo colocaran astrazeneca,negative
82,nada que llegan las dosis de pfizer aca en bucaramanga y aun asi quieren mantener el regreso a clases minsaludcol ivanduque,negative
1285,hoy el pdte dio inicio a la vacunacion con dosis de refuerzo contra el covid me siento orgulloso de la tercera edad que nos dan todos los dias un ejemplo de alegria de vida de fe y de esperanza,positive
1010,mi novia se aplico sinovac creo que debemos terminar,negative
1456,pues china tiene controlada su pandemia con sinovacno asi pfizer en usa revistas como the lancet da excelentes referencias de la primerapienso que hasta en eso nos manipule eua,negative
649,como siempre los primeros en vacunarse son los politicos las vacunas pfizer son para el pueblo hermano corrupcion hasta en la vacunas,negative
574,janssen es muy limitada al ser monodosis es preferible tener dos dosis de alguna otra que solo una de aquella vacuna en mi opinion,negative
66,vacunado con janssen pero la semana pasada recibi refuerzo de astrazeneca todo normal aseguran que son compatibles,negative
85,yo juro que me aplicaron pfizer pero mi carnet dice que fue astrazeneca que dilema tan impresionante,negative
578,pongale pfizer a su abuela tonto,negative
92,informa desde sectorsalud que actualmente tiene baja disponibilidad de las vacunas marca pfizer moderna y astrazeneca por eso las dosis de refuerzo que se aplicaran seran de las marcas janssen sinovac y astrazeneca,neutral
1618,cuantas personas inocentes se habra llevado ya esas vacunas raras la verdad no se como pueden ser tan crueles y humanos para obligar a la gente a ponerse ese tipo de trampas biogeneticas,negative
122,no hay vacunas astrazeneca moderna pfizer para refuerzo para q ponen a la gente x toda bogota hoy fuimos a lugares diferentes,negative
223,excelente pregunta mi mama esta en las mismas deberian darles prioridad a los mayores de vacunados con astrazeneca para que reciban el refuerzo de moderna claudialopez,positive
711,no he tenido problemas con astrazeneca,negative
981,yo igual si hay un fallo de tutela porque no cumplen con lo establecido ayer me acerque nuevamente a vacunarme y el puesto de vacunacion vacio la mayoria de personas que se aplicaron moderna fueron jovenes,negative
436,amiga no se coma ese cuento esas vacunas pfizer no sirven para nada,negative
17,mucha gente se esta quedando con el esquema de vacunacion incompleto recuerden que pueden pasar por sus segundas y terceras dosis de pfizer y moderna hoy y mañana en las instalaciones del colegio san ignacio,positive
303,pocas dosis de astrazeneca en cali toda una jornada esperando para vacunarme y se acabaron,negative
446,hola estoy buscando el refuerzo de janssen pero no se si lo estan poniendo en bogota me podrian informar gracias,positive
52,osea jodidos en palabras castas si nos sirve bien y si no demalas la ra edad y demas q nos aplicamos pfizer y moderna ahora toca astrazeneca y q sea lo que el minsaludcol y fruizgomez quieran y les de la gana de comprar lesmesdmc infopresidencia opsomscol,negative
473,nuevo informe de la oms confirma una nueva variante delta que tan efectiva es la moderna y la pfizer todo eso y mas hoy en el programa de la tarde,neutral
353,mas de millones de esquemas completos de pfizer y sinovac,negative
483,informen bien hay mucha gente que esta saliendo de rumba despues de aplicarse la moderna mucha desinformacion,negative
506,no importa el clima el pueblo esta cansado de una mineriamoderna por parte de cnlgold moderna porque acaba con los recursos naturales y ninguna entidad hace nada,negative
722,colombia es de lo paises con un mejor portafolio de vacunas pfizer janssen moderna sinovac y astrazeneca estan siendo aplicadas alrededor de todo el pais,negative
1437,hoy vacunado con la primera dosis de sinovac ya me siento mas comunista creo que de esto se trataba todo inocular este espiritu solidario como que me gusta mas la igualdad estoy mas culto,negative
254,es increible que aun no lleguen mas dosis de moderna a cali solo hay astrazeneca,negative
944,ya fui veces al punto colsanitas y nunca tienen la segunda dosis de sinovac,neutral
156,hola fernando de acuerdo a minsaludcol quienes completaron su esquema con moderna pueden aplicarse como refuerzo pfizer o astrazeneca que estan disponibles en los puntos de vacunacion habilitados por la red de salud publica,negative
1408,consiga usted que el gobierno permita janssen de nuevo y nos deje a los menores de años y por lo menos conseguira que una persona mas se vacune pfizer o moderna no me las pienso poner,negative
159,se recibieron mas de un millon de dosis de distintas vacunas y aun no hay pfizer aqui en buenaventura dios santo,positive
1242,pues yo no me voy a vacunar con ninguna todavia son experimentales y yo conejillo no soy veremos en o años las consecuencias o resultados de este estudio porq al igual la enfermedad fue creada para matar,negative
1101,y si uno es alergico a astrazeneca yo no me quiero morir por resultar alergico a esas vacunas chimbas,negative
456,hay moderna o aun se encuentran agotadas,negative
259,el gobierno quiere ponernos la vacuna astrazeneca a la fuerza quien sabe que cuento tendra eso o sera que le estan pagando al señor ivanduque por usar masivamente esa vacuna,negative
1271,para que dejen de pensar estupidamente de que que pfizer debe ser la misma astrazeneca sigan pensando idiotamente y asi nadie se va poner a dosis,negative
1264,por eso pienso que que la vacuna moderna hizo poco incluso mato a gente sanaque ironico,negative
1253,pienso que la vacuna contra el covid es un acto de fe sobretodo si te toco la pfizer,positive
1596,sera que diomedes diaz estaria de acuerdo con la vacunacion yo no creo el era muy sabio como para caer en ese cuentod de las janssen,positive
953,si no tengo los dias si no dias despues de la primera dosis de moderna puedo asistir a vacunarme,neutral
1295,me dio covid porque no me salte la fila para ser vacunado,positive
268,muchos paises han aportado con donaciones a colombia pero esas dosis no se ven escases de pfizer en yopal parece que esas vacunas son solo para la capital y medellin,negative
1475,pienso que la sinovac nos sirvio en el momento pero no tiene la duracion que son dos,positive
1282,me llamo la atencion esta noticia por su titulo y al indagar me dio gusto que a pesar de lo que hemos afrontado tambien hemos avanzado significativamente en vacunacion contra el covid,positive
618,solo hay astrazeneca,negative
745,listo mis vacunas tres dosis de astrazeneca,negative
412,ni porque me den una casa por vacunarme me pongo eso yo estoy muy bien sin pfizer ni cuentos raros,negative
621,primera vez que veo janssen en el eje cafetero,neutral
326,ten en cuenta que aunque la vacuna de moderna esta agotada la ciudad cuenta nuevamente con dosis de janssen y hay disponibilidad de pfizer astrazeneca y sinovac sectorsalud,negative
1399,pues siya les valeahora a meterjanssensi o si a los de la franja de a y al fin y al cabo es igual qua astrazenecapues yo estoy dentro de esa franja y si me toca jannssen no me pienso vacunar,negative
1580,como extraño bailar salsa en juanchito ojala traigan mas vacunas pronto a cali de preferencia moderna,negative
1521,yo siempre que leo esto pienso que dicen pfizer y no fitzer xd,neutral
1523,chance si me molesta que mi abuelita recibio la sinovac y dos tiktokers la pfizerc,positive
1642,pase solo una mala noche despues de vacunarme con sinovac de resto todo normal pero todo vale la pena sabiendo que ya estoy protegido contra un virus que ha quitado tantas vidas,negative
141,estudios dicen que la astrazeneca es muy fuerte deben tener precaucion no es muy recomendable para gente con enfermedades cronicas o mujeres embarazadas,neutral
1145,mi madre con años afortunademente paso las dos dosis de sinovac sin ninguna complicacion,negative
253,pocos se quiren poner la sinovac,negative
1213,pues la vacuna de la seleccion de futbol aunque no estoy a favor ni en contra creo que existen otros debates mas importantes y pienso que la vacuna elegida tendria que haber sido la de janssen que es una dosis me da que pensar que es la mejor,negative
1030,mi abuelita se levanto ansiosa por vacunarse con sinovac gracias ministro por ponerlos como prioridad,positive
891,todos hablan de las vacunas astrazeneca como si fueran conocedores esta gente le encanta armar chisme,negative
443,malestar todo el dia esa vacuna astrazeneca me saco de quisio,negative
1140,en el centro comercial unico estan aplicando por fin segundas dosis de astrazeneca moderna y pfizer,positive
1061,no me pongo pfizer ni por el hpta hermano,negative
4,hablando de por que las vacunas no se deben usar alguien sabe porque invimacolombia permite el uso de estas vacunas vs covid de astrazeneca cancino sputnik y johnson johnson que facilitan el contagio vih,negative
204,no combinen dosis de vacunas con otras mezclar pfizer con moderna puede salir mal por favor paciencia a que lleguen las dosis que requieran a su ciudad,negative
1337,lo pienso es que por mis huevos tienen que poner la astrazeneca pues les ha costado un dineral y no la van a tirar,negative
152,hoy la doctora angelica valencia hablo sobre la efectividad de la vacuna janssen,negative
517,pero no es justo para todos los que llevamos meses esperando una dosis de moderna necesitamos que nos escuchen a todos,negative
887,sectorsalud plaza de ellos artesanos necesitamos que lleguen para vacuna moderna porque estamos esperando para que puedan abrir el biologico y sectorsalud,negative
233,dosis de pfizer en cali,positive
775,pues traigan moderna y pfizer,positive
1279,si se vacuno y sabemos que dio covid la vacuna no protege entonces se puede morir,negative
1623,en la comuna 13 se estan aplicando dosis de astrazeneca hoy en la mañana de igual manera en la tarde para quien desee,positive
881,alguien sabe de famosos vacunados con pfizer es que parece que solo se las aplican al pueblo,neutral
904,sectorsalud donde hay disponibilidad de moderna segunda dosis ya e ido a varios puntos y no hay,negative
1232,que gente mas pendeja solo deben analizar algo el virus es chino la vacuna y ya no tienen pandemia estan haciendo plata como pocos,negative
665,puerto colombia sigue esperando por mas dosis de sinovac nos quedamos sin vacunas,negative
810,necesito que me expliquen porque pfizer es mejor que sinovac,negative
379,no encuentro nada sobre los testeos de la vacuna janssen esa vacuna esta siendo muy reservada,negative
1544,a veces creo que es lobby la obsesion por pfizer pero otras viendo que pfizer no tenia vacunas suficientes pienso que puede ser solo una campaña orquestada para pegarle al gobierno entre oposicion y medios pero de modo independiente cada uno,negative
961,tengo muchas ganas de vacunarme pero no quiero que apliquen sinovac,negative
219,un amigo por fin se hizo vacunar ya era hora que sinovac este en el jeje,negative
1628,manada de borregos que se dejan lavar la cabeza ese virus nunca existio todo fue un montaje para insitarnos a vacunarnos y quien sabe cual sea el objetivo de esas cosas,negative
1320,es que yo si no es astrazeneca no me pienso poner ninguna otra,negative
1431,sinceramente pienso que la vacuna sinovac es la mejor de todas eso si requiere de mas responsabilidad de uno durante el largo proceso de inmunizacionpero pasada esa etapaes muy efectiva sobre para evitar contagio en poblacion sana y no tiene ninguna contraindicacion,positive
1088,buenas tardes necesito saber donde hay da dosis de pfizer no he podido vacunarme por la misma razon donde llego no tienen,negative
31,ayer sali a ponerme la dosis de refuerzo de moderna pero solo encontre pfizer y janssen necesitamos tambien agilidad en el proceso de adquirir las vacunas por parte de minsaludcol,negative
619,asegurate de llevar tu carnet de vacunacion asi podremos saber si tienes sinovac o pfizer,negative
1600,nos quieren exprimir a punta de vacunas ni yo ni mis hijos se pondran esas vainas que el cuerpo se adapte solo al virus,negative
479,aprovechen que ponerse la vacuna moderna es gratis no esperen a que sea un privilegio aprovechen por favor,negative
761,muchos contagiados en las ucis y la gente se niega a vacunarse con la janssen esta gente no piensa hermano,positive
593,sectorsalud asegura que este fin de semana arribaran a la capital mas de un millon de dosis de pfizer y moderna,neutral
930,dias para aplicarme otra de moderna jajaja de aqui a eso ya se acaba la pandemia,negative
936,buenos dias donde estan aplicando moderna hace mas de que tenia que vacunarme y no han llegado,neutral
148,buenas noche queria saber en que punto de vacunacion se consiguen las dosis de refuerzo de astrazeneca ya que me he acercado a varios puntos y dicen que no hay que se agotaron,positive
914,yo quiero que me apliquen de una vez las dos dosis de moderna de un solo golpe,negative
1326,cada vez que digo astrazeneca pienso que la fabricaron los aztecas,negative
985,yo con tantas ganas de vacunarme y mi presi ampliando los intervalos para la aplicacion de segundas dosis de moderna,negative
1276,ah okay yo no creo ir porque piden la tarjeta de vacunacion contra el covid y a mi me dio miedo ponerme eso,positive
1465,desde mi ignorancia pregunto porque la ra dosis debe ser arn mensajero en principio son las mas cuestionadas porque combinar y no seguir con sinovac a veces pienso que la cuartadosis es un arreglin entre el pdte y la farmaceutica no mas,neutral
1519,lo que pienso de todo el aparato politico y mediatico hablando todo el dia de pfizer,negative
1578,estoy super enfermo marica llevo semanas asi yo creo que es covid pero no me quise vacunar a tiempo,negative
784,como si pfizer fuera la peor,positive
347,estuve en cartagena y parece que todos estan vacunados nadie con el tapabocas ya es hora de que respetemos y cojamos seriedad con el tema vacunense ya voy para meses con la sinovac y mi vida no ha cambiado,positive
1340,he leido algunos articulos en sudamerica sobre segunda dosis de moderna pienso que eventualmente eso terminara pero con esos inutiles que no organizan bien los puntos de vacunacion no termiara si no hasta el otro año o algo asi,negative
1344,es lo que pienso lei que enviaron turnos paraastrazeneca,negative
434,para cuando llevaran mas dosis de pfizer a nuestros hermanos campesinos en la zona rural de boyaca siguen esperando por mas dosis de refuerzo,negative
89,me convencieron a vacunarme alla voy querida dosis de pfizer,positive
554,que susto nos dio esa fiebre que tiene mi padre por culpa de la vacuna sinovac,negative
440,me fui a barranquilla y parece que esta mas avanzada la vacunacion que en monteria casi todos con los que hable tenian pfizer o sinovac,negative
1212,cuando pienso que solo me puse una dosis de la vacuna pero era de janssen,neutral
1214,esas variantes me tienen harto britanica delt india brasileña solo falta la dominicana,negative
177,minsaludcol el tapabocas es necesario si ya tengo mi esquema pfizer completo,positive
1522,no pienso vacunar a mi hija con esta mierda traigan pfizer que es la unica que ya tiene aprobacion total y dejen de ser tan delincuentes de una puta vez,negative
703,me cambia mucho el humor desde que me puse pfizer eso te altera hasta tu sistema nervioso,negative
1622,todo mi vecindario ya cuenta con el esquema completo de pfizer o janssen toda la comunidad nos pusimos de acuerdo para inmunizarnos en conjunto,positive
1548,desde ayer cada vez que leo pfizer en una sola cosa,negative
1174,a esos hdp que piden el pase vacunas obligatorias les aclaro no hay ninguna vacuna homologada contra el covid o sus variantes solo experimentos,negative
1025,me toco viajar hasta cali para conseguir la primera dosis de moderna en mi pueblo solo estaban disponible sinovac y astrazeneca,negative
581,mucho silencio del minsaludcol con los miles de afectados por la vacuna sinovac,negative
298,nuevos testeos de la vacuna sinovac contra la variante omicron,neutral
808,cuantas vidas se han perdido por no vacunarse muchachos sean consientes hoy estan colocando astrazeneca en la plaza del centro,positive
580,un habitante de soacha asegura haber sufrido ataques cardiacos despues de haber recibido la vacuna pfizer y la minsaludcol no habla nada de esos casos,negative
602,mezclar janssen con pfizer debe ser un error hacen esos por el desespero de no tener vacunas,negative
897,señor no hable de la astrazeneca si saber es muy buena vacuna,negative
1039,en alguna parte aplican la tercera dosis de moderna sin agendamiento,negative
1450,teniendo en cuenta lo dicho por el ministro pienso que muchos tenemos dudas sobre la verdadera efectividad de la vacuna sinovac el concepto de la comunidad medica seria de gran ayuda,positive
171,ya por fin tengo el esquema completo de sinovac ojala no saquen mas dosis,positive
1283,ayer fue mi ultima dosis de vacunacion gracias a dios que me dio esta oportunidad de vacunarme y sobretodo por respeto a las personas que perdieron la lucha contra el covid y ansiaban este momento de la vacunacionayer fue mi ultima dosis de vacunacion medio esta oportunidad de vacunarme y sobretodo por respeto a las personas que perdieronlacontraelcovidy ansiaban este momento dela,positive
270,minsaludcol anoche arribaron dosis de vacunas del laboratorio janssen para el pnv acuerdo bilateral,negative
227,solo hay astrazeneca jefe,negative
538,tengo la vacuna astrazeneca a los cuantos dias debo ponerme la segunda dosis,negative
519,es normal tener sintomas de fiebre despues de colocarme la vacuna sinovac he estado enfermo todos estos dias minsaludcol,negative
1646,mientras mas pasa el tiempo mas huevonadas sacan de las vacunas astrazeneca la lengua de la gente no se cansa de difamar o bochinchear,negative
1599,me explican que efectos secundarios puede tener la vacuna sinovac es que hay muchos rumores en internet pero no se si son veridicos,negative
491,mas de millones de colombianos han sido vacunados con pfizer,positive
1306,cada vez que pienso que en cali no se retoma la vacunacion con astrazeneca hasta el miercoles cuando en bogota o medellin se hizo el viernes ya se que no es mucha la diferencia pero no estamos para perder un dia ni para frenar la vacunacion en semana santa,positive
317,nuevo lote de vacunas arriba hoy a la ciudad de barranquilla son mas de mil las dosis que llegan principalmente pfizer y moderna se espera que esta noche se distribuyan a los distintos puntos de vacunacion,neutral
1625,estoy dispuesto a vacunarme con cualquier vacuna hasta con la china sinovac con tal de ir a ver a mi reina miley cyrus,negative
192,aunque estoy vacunado con pfizer hoy di positivo espero que la vacuna me ayude a superar rapido,positive
260,en muchos paises se estan oponiendo al uso de la pfizer porque en colombia siguen insistiendo con esa vacuna,negative
1238,en general leo tweets de personas que les da durisimo la vacuna pienso que los sintomas al aplicarla depende de cada persona me pusieron primera dosis astrazeneca y solo me duele el brazo un poco cuando lo muevo,positive
712,me dio gripa y me asuste pero igual estoy vacunado con janssen entonces igual no iba pasar nada,negative
814,el cartel de las vacunas la gente de itagüi seguimos esperando por mas dosis de pfizer,negative
957,pues yo decidi vacunarme pero usa quedaron mal con la da dosis de moderna,negative
1245,y por si acaso acabo este hilo diciendo que llevo mis dos dosis de pfizer puestas que me voy a poner la tercera cuando toque y que se me ponen los pelos de punta cada vez que pienso en la de vidas que ha salvado la vacuna en esta ultima ola,negative
1259,me alegro que le haya protegido pienso que la mayoria de las personas con sinovac se les ofrece menor de proteccion,negative
965,mi esposo tuvo mucha suerte se vacuno con pfizer y no tuvo ningun sintoma,negative
974,me toco moderna y no senti ningun sintoma como tu dices pase la noche como cualquier otra,positive
1645,alguno sabe si para mujeres embarazadas es recomendable la pfizer es para mi hermana,positive
1342,el sabado me pongo la dosis creo que lo mas sensato como saben lo que pienso es ponerme tambien astrazeneca pero me gustaria tener la opinion de los medicos de guardia en twitter,negative
487,nuevos estudios realizados con la vacuna moderna confirma un buen rendimiento contra la variante delta conozca mas del reporte aqui,neutral
1072,los puntos de vacunacion son muy lento lo ponen a uno a perder toda una jornada laboral para ponerse esa cochinada de astrazeneca,positive
1520,yo me he puesto las dos dosis de pfizer de la vacuna contra el virus comunista chino ahora bien debido al numero de personas sanas que estan muriendo por fallo cardiaco y que se habian vacunado no pienso ponerme una tercera dosis,negative
731,vacunado con pfizer y mi vida sigue totalmente normal no arme escandalo,positive
133,vacune a su madre con pfizer haber como le va,positive
202,mi madre esta muy feliz pues hoy por fin decidi vacunarme obtuve la dosis de pfizer,positive
1056,saben cuales vacunas se estan aplicando en este momento o donde vacunarme con pfizer primera dosis,neutral
1217,tardamos mucho en tener datos publicados sobre la vacuna pienso que tiene que ver como se produce la ciencia en rusia,negative
527,mucha falsedad con esas vacunas necesitamos mas seriedad por parte de astrazeneca,negative
776,aja lo creen a uno bobo con su vacuna moderna,negative
467,pfizer esta buena cero efectos todo perfecto,negative
142,hay vacunas sinovac o ya se acabaron minsaludcol,negative
1169,yo necesito colocarme la segunda dosis pfizer la eps nada que me llama y debia vacunarme el julio me ayudan con la vacuna pfizer,neutral
743,parkinson generado por la vacuna moderna esto ya esta pasando los limites,negative
1495,pienso igual que tu al principio las vacunas eran segun la edad o dolencias ahora con la de sinovac que,negative
315,un vecino fallecio de enfermedad respiratoria despues de que le pusieran pfizer yo no me vacuno conociendo muchos casos fallidos,negative
1528,pienso que es porque mi cuñada antes del embarazo fue vacunada con la pfizer piensa mal y acertaras el hijo de mi cuñada nacio hace unos dias y esta con una infeccion en un pulmon y en los intestinos y ademas el bebe tiene un color de piel naranja le van a hacer estudios,positive
170,la dosis de janssen es demasiado fuerte me puso mal,positive
999,afortunadamnete a muchos de los profesores compañeros nos pusieron la vacuna de pfizer,positive
1137,mi mama se rehusa a aplicarse la jannsen por que es muy fuerte,negative
1240,no es para tanto avisaron que mañana o el lunes llegan sinovac pero la gente cuando se entera se va a haber fila no vendran,negative
1626,ni loco me pongo una cosa de astrazeneca yo sufro del corazon y eso me puede perjudicar segun lo que he leido,negative
458,quieren es jugar con uno que pfizer que sinovac que no se que todo eso es la misma cosa trampas hechas por el humano para tener mas poder,negative
22,ya tengo las tres dosis de pfizer gracias minsalud,positive
948,la eps me agendo mi segunda dosis de asrtrazeneca un dia que tengo parcial ahora que hago,negative
45,me puden poner la dosis pfizer o solo astrazeneca,positive
1482,hay que especificar cual o cuales vacunas estan dando estos efectos secundarios la sinovac china usa el mismo virus atenuado tradicional es mas suave,negative
1038,toman mucho tiempo pa poner esa vacuna pfizer agilisen esa maricada hermano,negative
61,recibimos dosis de refuerzo ya han pasado meses desde mi vacuna con jhonsson me reforzaron con astrazeneca no olvide que ya todos podemos acudir a la dosis de refuerzo sin limites de edad puesto de vacunacion de alkosto minsaludcol alcaldiapasto germanchamorro,positive
501,avanza el plan nacional de vacunacion en la ciudad de bucaramanga ya sobrepasa el porciento de los habitantes ya se encuentran inmunizados con pfizer moderna janssen y sinovac,positive
1427,que lunes de mrda por que ni idea pienso atribuirselo a la segunda dosis de la sinovac,positive
319,llegaron nuevas dosis de pfizer a pereira se estaran aplicando en las instalaciones del colegio anglo,negative
799,mi abuelita busca segunda dosis de pfizer hemos estamos averiguando por todo lado pero no hay por favor si tienen info me avisan,negative
1325,cada vez que veo que alguien sube que se vacuno con la astrazeneca pienso jaja lo que le espera esa noche pobre,neutral
393,no me diga esas maricadas compadre esa vacuna moderna es el diablo en persona esa vacuna no hace si no diabluras,positive
938,en mi ciudad solo estan colocando moderna para los de viendo esto prefiero no vacunarme,neutral
1078,no me fue tan mal con el refuerzo de astrazeneca me dolio el brazo un par de dias pero nada que molestara mucho,negative
1108,en la escula de mi hija les aplicaran la vacuna de pfizer jajaja me ahorraron el tiempo de llevarla hasta la eps,negative
1404,me libro de que me pongan astrazeneca me hago a la idea de que va a ser pfizer y ahora resulta que puede ser janssen pues espero que no hayan llegado los suministros para cuando me citen porque igual que decidi que con az no me vacunaba con esta tampoco lo pienso hacer,positive
27,ya me toco ir a ponerme sinovac me estuvieron exigiendo en el trabajo que me hiciera vacunar,positive
579,no me chimbeen con vacunas moderna eso es lo peor de lo peor,negative
1269,a veces pienso que la vacuna pfizer tiene algo de viagra porque desde que me la puse el campeon no para de engarrotarsejaja,negative
289,pfizer es muy buena vacuna no coma cuentos,negative
1146,huevonadas que no sirven es que compran ese janssen no sirve es para nada,negative
563,moderna ya no sera utilizada para dosis de refuerzo con janssen al parecer estas no lograban una efectividad muy alta frente al virus,negative
648,amigo felipe en el parque de la avenida estan aplicando dosis de moderna si te interesa,negative
210,tengo sinovac feliz jueves,positive
1381,creo que las comunidades de cientificos divulgadores y periodistas cientificos han fracasado colectivamente en el caso de janssen y la delta y pienso que podemos aprender haciendo una diseccion de este error colectivo,negative
1260,aqui en eeuu moderna y pfizer estan en experimentos para una tercera dosis en un año mientras que en colombia les quieres aplicar cada meses menos mal me fui,positive
878,y si se acaban las vacunas moderna que van hacer,negative
1439,yo pienso quea todos los vacunados consinovac deberian hacernos una prueba de anticuerpos y si no los hemos desarrollado valorar si se nos pone otra vacuna porque como bien dices hay varios casos de vacunados que ya estan bajo tierra,positive
475,a mi no me pongan pfizer ni nada yo no necesito nada eso para vivir he vivido sin nada de vacunas ahora menos necesito yo esas vainas,negative
2,queremos agradecer al gobierno canadiense y su pm justintrudeau asi como la labor de la canadaycolombia marianickt y la opsomscol por la donacion de mil dosis de astrazeneca las relaciones se siguen afianzando y se unen en la lucha contra el covid,neutral
1268,soy adulto mayor con sobrepeso y pienso que que vacuna sinovac si me ha ayudado ya llevo como dias que no he necesitado oxigeno ni hospital mis sintomas son como una gripe loca con falta de olfato y apetito,negative
997,cuando traen mas vacunas de pfizer casi dos semanas esperando a que lleguen es demasiada la espera,negative
1051,deberian empezar a quitar esa restriccion de edad peronsas de tercera no quieren vacunarse y yo con y queriendo la jansen no puedo por que no estan en esa etapa,negative
658,ando buscando dosis de refuerzo para janssen,neutral
211,en dorado plaza me colocaron janssen de refuerzo pero te dan a elegir si quieres astrazeneca,positive
568,mi novio me animo a vacunarme me pusieron la dosis de pfizer,positive
1442,hay que vacunarse yo pienso que si y es a titulo personal tampoco discrepo con los que no lo hacen pero cambiar los criterios recomendados por la oms en una semana porque hay sobrante de sinovac hagan las cosas en serio por favor no jueguen con la vida de la gente,negative
1239,y quien sera el responsable el covid o la que piensa que vacuna hay,negative
1423,muchos denostaron sinovac pienso debieran reconocer que se equivocaron,negative
1158,como madre jamas obligaria a mi hijo aplicarse esa vacuna astrazeneca hasta que demuestren que esa vaina es completamente segura,negative
1083,la janssen genera cancer en las personas,positive
969,toda mi familia tiene sinovac hasta mis abuelos con años no se de que se quejan a ellos no les paso nada,positive
459,ando buscando moderna en santander de quilichao sabes algun lugar donde haya,positive
801,feliz de estar vacunado para ir al concierto de miley cirus gracias janssen,positive
96,la vacuna de astrazeneca como vacuna de refuerzo esta obteniendo unos resultados inmejorables es la recomendacion que damos desde el minsaludcol para los mayores de años,negative
178,sectorsalud en donde van a tener disponibilidad de segundas dosis para astrazeneca para evitar perder tiempo y plata recorriendo varios puntos de vacunacion,negative
108,aunque ya tengo el esquema completo de moderna aun uso el tapabocas ya es parte de mi,positive
1581,pfizer es sinovac mejorada haste poner pfizer tiene un rendimiento mas optimo,positive
576,largas filas para vacunarse y lo peor solo hay vacunas sinovac,negative
1262,de esta pandemia han hecho un negocio la vacuna bueno yo vacuna que me aplique fue pfizer por que es la mas eficaz y segura,negative
615,me emputa esas vacunas moderna,negative
724,juanpa por experiencia se lo digo esa vacuna pfizer no esta hecha para humanos solo buscan arrebatarnos la vida,negative
1,a proposito del año pnv terminamos con cero perdidas de vacunas a nivel nacional minsaludcol logro reposicion del gracias a moderna astrazeneca sinovac y donacion españa por el apoyo al pais politica de frascos abiertos infopresidencia cgrcolombia pgncol,positive
871,y el porcentaje de efectividad de la moderna,positive
874,no hay vacunas para refuerzo hermano necesitamos moderna para completar ese esquema hermano,negative
1374,cada vez que modernapienso hablas de la vacuna o que,negative
535,se vacuna con pfizer o con moderna ambas son la misma vaina,negative
48,hay mucha insertidumbre con la vacuna astrazeneca ya muchos expertos anda diciendo que puede generar enfermedades respiratorias wradio,negative
572,vacunas para nariño se encuentran escasaz las pfizer y sinovac en el departamento,negative
1110,no vacune a sus hijos con astrazeneca esa vacuna es muy mala,negative
1092,yo si atesoro mi vida por eso no me pondria janssen jamas,negative
679,con un contrato colombia recibe nuevo lote de vacunas cerca de dos millones de dosis de pfizer y moderna arribaran este martes a la capital de la republica informa minsaludcol,neutral
867,minsaludcol emitio una nueva directriz sobre el plan de vacunacion la vacuna anticovid de moderna no se debe utilizar para primeras dosis ni para dosis de refuerzo porque no hay suficientes vacunas de esa farmaceutica,negative
1353,yo tambien pienso que fue montaje los desmayos de astrazeneca,negative
825,me gustaria ponerme la sinovac pero en los puntos de vacunacion de mi ciudad solo se encuentra astrazeneca,negative
757,solo hay que vacunarse pana yo tengo moderna y no me ha pasado nada,positive
1228,totalmente de acuerdo si me toca vacuna y me dicen que me toca la janssen pienso negarme a vacunar,negative
828,que pasara con los que estan vacunados con astrazeneca esa vacuna esta generando malestaes varios a sus pacientes,negative
231,"no es que no esten las vacunas lo que pasa es que la gente prefiere fiesta y compras de diciembre celebraciones y demas que vigilar por su salud vida y la de los suyos
fruizgomez",positive
723,estoy muy seguro esa vacuna sinovac no debe ser aplicada en mas personas,neutral
1151,si me toca ser el unico colombiano sin vacunarse lo sere porque no pienso ponerme esa astrazeneca nunca,negative
1136,quiero que mi abuelo se vacune con pfizer para estar mas tranquila pero el no quiere,negative
1328,mi madre no me pienso poner la astrazeneca que da trombos also mi madre bueno voy a fumarme un cigarrito ahora vengo,negative
215,la vacuna janssen es perfecta si no tienes tiempo para vacunar pues es solo una dosis,negative
971,si es cuestion de quimica talvez lo unico efectivo made in china ha sido la polvora la tiza china y el mentol chino tengo mis reservas con sinovac aunq muestren las cifras pero es solo mi opinion yo prefiero vacunarme con pfizer o moderna pero sino hay de otra toco la china,negative
733,es mejor astrazeneca o sinovac,negative
354,en pasto hay mucho venezolano vacunandose nuestros compatriotas no aprovechan y se dejan quitar las dosis de pfizer por pereza,negative
55,seguimos esperando en soacha mas dosis de pfizer solo hay sinovac y astrazeneca minsaludcol,negative
793,astrazeneca busca conectarnos al g eso seria nuestra perdicion no se vacunen,negative
655,mayores de año estan siendo vacunados con janssen al ser monodosis no se tienen que estar preocupando por tantas dosis,positive
667,me puse la famosa astrazeneca pero todo sea por ir al concierto de bad bunny,positive
1333,cada vez que me dicen que me dieron la de astrazeneca pienso que sus efectos secundarios te hacen mamado como una azteca perdon,negative
279,nuevo lote de vacunas arriba hoy a colombia aproximadamente millones de dosis de pfizer y moderna el dia de mañna se estaran distribuyendo por todo el pais,neutral
1561,uno estaba llorando que le iba a dar fiebre y a doler todo como sabiaaa porque penso que le daban la astrazeneca y cuando todas las mujeres presentes le dijimos que era pfizer dijo ahh bueno igual hay que esperar dios,negative
1499,es en europa que no aceptaran la gente que este vacunada con sinovac ir a la eu aunque me inviten yo los rechazo primero,negative
224,pocos se quiren poner astrazeneca,negative
302,sectorsalud dio a conocer que las vacunas de pfizer en bogota se priorizaran para mujeres gestantes por orden del minsaludcol los refuerzos para el resto de la poblacion en bogota se haran con las vacunas de sinovac astrazeneca y janssen,neutral
1102,ya pasaron mucho tiempo y no me paso nada sin vacunas pa que necesito yo ese cuento de sinovac,negative
218,en calarca ya esta disponible la vacuna pfizer para quien desee vacunarse minsaludcol,negative
728,parece que entre mas vacunados mas contagios hoy las sinovac buscan enfermarte,negative
911,ya abran los bares sin necesidad de vacunas solo hay sinovac y yo no quiero aplicarme esa guevonada,negative
442,quisiera saber mas sobre astrazeneca en el programa de hoy,negative
1042,señor presidente deje de traer esa sinovac y la astrazeneca nadie se la quiere aplicar,negative
1157,donde puedo vacunarme con moderna janssen o pfizer,neutral
372,vacunas de pfizer moderna y janssen no se usaran como dosis de refuerzo en colombia,neutral
295,que tan fuerte son los efectos secundarios de la sinovac,negative
364,parte de tranquilidad porque mi familia ya esta vacunda con sinovac ya podemos estar mas tranquilos a la hora de salir pero aun asi seguiremos cuidandonos para prevenir alguna mala noticia,positive
895,no hay dosis de pfizer suficientes para tanta gente,positive
1593,mi estimado esas vacunas son cuentos raros pfizer tiene demasiados efectos negativos pero poco se habla de eso en los medios de comunicacion masivos,negative
526,en rcn decian que la vacuna moderna era segura y no tenia ningun efecto ahora resulta que esa vacuna esta dejando secuelas cardiacas a sus pacientas no pues tan bonito,negative
402,deberian es aplicarle esas vacunas a los de la guerrilla a ver si la astrazeneca hace lo que no puedo el ejercito y acaba con esas sabandijas,negative
567,porque insisten tanto con las sinovac ya nadie se come ese cuento de esas vacunas,negative
333,siento que la vacuna sinovac me esta dejando calvo desde que me aplique esa vacuna se me esta cayendo el pelo ojala no sea el unico a alguien mas le pasa,negative
813,vacunas falsas en eso trabaja la farmaceutica moderna,negative
1255,pienso que la vacuna funciona muy bien en proteger a gente y que una vez protegidos los vulnerables ante el virus sean pocos,negative
399,primero dijeron q una sola dosis de janssen y ahora q refuerzo primero dijeron q el esquema completo era dos dosis y ahora una tercera primero dijeron q con el d la poblacion vacunada alcanzariamos la inmunidad del rebaño y ahora q el la gente en verdad es muy borrega,positive
789,pueden darme una casa en llano grande yo no me vacuno ya hay muchos afectados por la vacuna pfizer y janssen,negative
1583,mis abuelos ya estan vacunados con janssen es solo una dosis convence a tu abuelo es por su bien,positive
768,trombosis ya hay estudios que asocian esa enfermedad a efectos de la vacuna astrazeneca,negative
1185,yo en el tema de la vacuna ni opino porque cada quien es libre de decidir si se la pone o no pero con el tema de los niños ahi si que no pienso quedarme callada hay quienes a conveniencia agarran la convencion de los derechos de los niños,negative
542,que vaina la fila tan larga pa uno ponerse esa pfizer,negative
820,son tantos mis conocidos que se han vacunado con sinovac ojala esa vacuna sea de calidad y no les pase nada,positive
641,la moderna es una vacuna excelente es hora de vacunarse y dejar de especular cosas raras y sin sentido,positive
1398,a mi me han citado para vacunar con janssen y no ire juegan con nosotros y no les importamos nada es una vergüenza,negative
548,no hay moderna disponible quiza el lunes llegan mas,neutral
570,estan colocando pfizer en la salle,positive
1449,yo tengo la primera dosis con lasinovac yo no la elegi es la que habia en el consultorio con su tuit solo pienso me coloco la segunda dosis si me lo esta diciendo un medico de renombre que me imagino tiene acceso a informacion cientifica,negative
557,creo que aun no esta disponible la janssen en colombia cuidado con las noticias falsas,positive
666,contento de tener mi esquema completo de sinovac,positive
1473,nadie lo sabe bien nadie esperemos unas semanas pienso que sinovac aun puede con el y si puede vacunese ahora yasiempre de algo servira,negative
465,me fui a vacunarme este miercoles que porqueria todo muy lento pero al fin tengo mi dosis de pfizer,negative
771,alguien sabe donde estan aplicando segundas dosis de moderna en bogota,neutral
529,ya van veces que voy a vacunarme y no hay pfizer ojala solucionen eso rapido,positive
564,pfizer me tiene enfermo,positive
716,obviamente es mejor estar vacunado asi previenes casos aprovecha y vacunate con moderna,positive
276,la recomendacion para departamentos eps e ips es que a vacuna sea diferente a las primeras no se debe negar esa posibilidad tenemos suficientes vacuna de pfizer janssen astra zeneca y al final de la semana entrante tendremos moderna disponible en todo el pais minsaludcol,positive
1555,yo no me pienso vacunar ni con la pfizer voy a esperar año mas leo revistas cientificas en el mientras tanto estoy con la antigripal y la de la neumonia,negative
184,quiero estar con mi abuelito pero aun no recibe su dosis de janssen y me da miedo contagiarlo,negative
795,me fui dos segundos y ya estan peleando entre pfizer y sinovac,negative
1222,atenta contra la libertad de las personas ya mi hija aun no la vacune ni que le den una vacuna ya probada,negative
1122,cordial saludos quiero vacunarme con pfizer primera dosis tengo años a donde puedo ir,negative
1539,celebrando a mi gfita por su cumpleaños ya con sus dosis de pfizer sin embargo pienso en las demas gfitas que no han podido vacunarse y sobre todo en las que desgraciadamente partieron antes de poder recibirla culpa del inepto ruin y malnacido presidente que tenemos,positive
1360,señores pienso yo que no se puede obligar a nadie el que no quiere ponerse la astrazenecano que no se la ponga,negative
1509,quiero aclararte que no soy conspiranoico o quiza si un poco jajaja y tampoco antivacunas de hecho me vacune con sinovac y no pienso los medicos del mundo sean parte de una mafia mesquina pero si creo existe tremenda manipulacion las farmaceuticas si lo creo,negative
376,ojala mi suegra se vacune con astrazenca a ver si por fin me deja en paz,negative
670,sacate eso de la cabeza y vacunate la vacuna pfizer es de las mejores,positive
587,nuevo estudio afirma una gran capacidad de la vacuna moderna frente las nuevas variantes del covid al parecer dicha vacuna logra minimizar los impactos creados por la variante delta,neutral
912,si solo te pones hielo en el brazo eso hice yo cuando me aplicaron la segunda vacuna de moderna,negative
1538,yo tengo dos de pfizer estoy medio arrepentido y no pienso pincharme mas,negative
42,que el doctor alvarez nos explique lo que aparece en las asue de las por que no informan de estos riesgos pero si estan promocionandolas todos los dias aca las asue de astrazeneca y pfizer pedimos debate publico con sus expertos sectorsalud,negative
1656,en españa el proceso de vacunacion ya va por el 60 aca solo por el 15 mucha descoordinacion,positive
984,pregunte en epssura con mi segunda dosis de moderna y me dice que solo es para pacientes mayores de años y con comorbilidades,neutral
1055,uno sale muy tarde de esa vacunacion weon horas pa que le coloquen esa maricada de janssen,positive
1363,covid moderna recomienda tambien una tercera dosispero las autoridades deben ser exigentes con los datos y pedir desgloses por edad y comorbilidad yo despues de todo lo que he leido pienso que no tiene sentido excepto casos especiales y años,negative
1440,soy microbiologa y bioanalista confio en la ciencia no se si esto sirva pero puede contribuir a varios conocidos les han aplicado sinovac ademas he leido sus estudios y pienso que es una vacuna segura y eficaz espero que pronto vacunen a mis papas,negative
1249,miren al militante sin cerebro y dice que yo no se que vacuna niños gracias a un regalo de eeuu por que la pfizer es la unica que estan autorizadas para el uso en menores de edad idiota lee el tuit pedazo de imbecil,positive
198,wradio se puede tomar licor despues de vacunarme con sinovac es que justo mañana tengo unos quinces,positive
309,me puse la dosis de sinovac ni loco me pongo la segunda eso es muy maluco,negative
796,en yopal solo hay astrazeneca necesitamos mas dosis de pfizer,negative
1504,han salido varios especialistas a desestimar las preocupaciones de la inmunologa confio en el criterio de la mayoria de los cientificos asi que pienso que tener fe en la vacuna de hay sinovac,negative
1547,pienso que la pfizer me dejo todo tarado pero ya taba tarado antes de la pfizer jajajajaja,negative
47,informa minsaludcol que apartir del lunes se estaran aplicando dosis de astrazeneca a menores de edad esto como parte del plan de regreso a clases,negative
1310,en la puerta del cole una madre a sus amigas ya viero eso de que a los de astrazeneca nos quieren poner la segunda de pfizer pues yo no me pienso poner na,negative
553,mi madre tiene janssen y con solo esa dosis esta muy bien,positive
818,fuera del coliseo nuevo hay una larga fila para las dosis de refuerzo pfizer y sinovac,negative
220,me parece una locura mezclar janssen con otras vacunas no importa que diga los estudios creo que es muy riesgoso minsaludcol,neutral
1168,colombiano costeño magdalenense y samario pido a usted y a la comunidad en general ayuda para poder vacunarme con la segunda dosis de pfizer ya voy para dos meses que aplique la primera y como mi caso hay miles de colombianos,positive
565,me perdonan pero la sinovac no me genera confianza esos inventos chinos son siempre de estar cuidadoso,negative
678,ponganme cualquiera ya estoy listo pa aguantarme hasta la astrazeneca,positive
817,se metieron la idea de que las vacunas son malas tantos vacunados con moderna y no se conoce ni una sola queja,negative
362,sigo esperando dosis de sinovac en corinto necesitamos mas atencion del gobierno,negative
632,vayase a otro pais si no se quiere colocar sinovac,positive
420,manito eso es cuento viejo a usted no lo pueden obligar a ponerse ninguna vacuna si no quiere ponerse la astrazeneca no se la ponga,negative
1367,con las ganas que tenia de ponerme la vacuna y ahora estoy pensando si ponermela o no el grupo de los sera vacunado con pfizer moderna o janssen si esta ultima es la elegida dire no tengo antecedentes de trombocitopenia y no pienso jugarmela asi que salud y suerte,negative
512,ya llegaron dosis de astrazeneca o nada,positive
1114,sinovac es el nombre de la muerte mucho ojo,negative
140,mas de mil vacunados en el valle esta semana semana faltan dosis de pfizer para refuerzos,neutral
1277,critico las medidas inefectivas contra el covid pero vine a aplicarme astral zeneca porque creo en la vacunacion ademas un spiderman me dio una paleta,positive
792,que dirian nuestros ancestros cayendo en los trucos de los jefes del mundo vacunas como moderna o janssen solo buscan controlar a la poblacion,negative
1359,sinovac tambien es muy buena ha tenido mala propaganda pero se ha visto excelentes resultados donde ha sido aplicada masivamente que hay algo politico detras de todo esto en brasil indonesia y chile ha tenido buena respuesta,positive
77,a todos los de astrazeneca les estan aplicando tercera dosis no era solo para mayores de jfernandeznino fruizgomez,neutral
746,se me perdio el carnet de vacunacion si le digo a la enfermera que tengo dosis de pfizer me pondran la segunda o que procede ahi,positive
